{
  "prefit_chi2": {
    "mvis": {
      "baseline": {
        "chi2": 628.7087676845126,
        "ndf": 23,
        "chi2_ndf": 27.335163812370116,
        "data_total": 67150.0,
        "mc_total": 70677.32468053384,
        "ratio": 0.9500925551939383
      },
      "vbf": {
        "chi2": 308.0267643305935,
        "ndf": 18,
        "chi2_ndf": 17.112598018366306,
        "data_total": 820.0,
        "mc_total": 1235.495378006081,
        "ratio": 0.6637013902256493
      }
    },
    "nn_score": {
      "baseline": {
        "chi2": 574.9105855598168,
        "ndf": 19,
        "chi2_ndf": 30.258451871569306,
        "data_total": 67390.0,
        "mc_total": 70897.58637364872,
        "ratio": 0.9505260114898294
      },
      "vbf": {
        "chi2": 284.6881856088759,
        "ndf": 19,
        "chi2_ndf": 14.983588716256628,
        "data_total": 820.0,
        "mc_total": 1259.6948051286424,
        "ratio": 0.6509513230200707
      }
    },
    "mcol": {
      "baseline": {
        "chi2": 643.4469926420572,
        "ndf": 23,
        "chi2_ndf": 27.975956201828577,
        "data_total": 59250.0,
        "mc_total": 62695.2408076702,
        "ratio": 0.94504780963775
      },
      "vbf": {
        "chi2": 332.94061314556285,
        "ndf": 21,
        "chi2_ndf": 15.85431491169347,
        "data_total": 800.0,
        "mc_total": 1184.7781297989848,
        "ratio": 0.6752319104132449
      }
    }
  },
  "per_category_fit": {
    "mvis": {
      "baseline": {
        "mu_hat": -16.90564766423534,
        "mu_err": 4.496611989463132,
        "pull_from_1": -3.9820308503810145
      },
      "vbf": {
        "mu_hat": -7.490943342476005,
        "mu_err": 4.770147021347615,
        "pull_from_1": -1.780017115715068
      }
    },
    "nn_score": {
      "baseline": {
        "mu_hat": -0.24578061115213956,
        "mu_err": 1.5699849660857255,
        "pull_from_1": -0.7934984334646912
      },
      "vbf": {
        "mu_hat": -12.336172628652454,
        "mu_err": 3.4285016518935603,
        "pull_from_1": -3.8897961799980147
      }
    },
    "mcol": {
      "baseline": {
        "mu_hat": -15.419062691812446,
        "mu_err": 7.016993823345,
        "pull_from_1": -2.3398998353379596
      },
      "vbf": {
        "mu_hat": -22.99889799658477,
        "mu_err": 3.9391670571045054,
        "pull_from_1": -6.092378832550763
      }
    }
  }
}