{
  "data_histograms": {
    "mvis": {
      "baseline": {
        "data_full": [
          304.0,
          658.0,
          1271.0,
          7636.0,
          16841.0,
          16750.0,
          9472.0,
          4291.0,
          2576.0,
          1692.0,
          1264.0,
          958.0,
          740.0,
          557.0,
          434.0,
          372.0,
          276.0,
          239.0,
          156.0,
          113.0,
          108.0,
          64.0,
          69.0,
          55.0
        ],
        "data_full_err": [
          17.435595774162696,
          25.65151067676132,
          35.651086939951774,
          87.38420909981392,
          129.77287852244012,
          129.42179105544784,
          97.32420048477151,
          65.50572494064927,
          50.75431016179808,
          41.13392760240627,
          35.552777669262355,
          30.95157508108432,
          27.202941017470888,
          23.600847442411894,
          20.83266665599966,
          19.28730152198591,
          16.61324772583615,
          15.459624833740307,
          12.489995996796797,
          10.63014581273465,
          10.392304845413264,
          8.0,
          8.306623862918075,
          7.416198487095663
        ],
        "edges": [
          0.0,
          20.0,
          30.0,
          40.0,
          50.0,
          60.0,
          70.0,
          80.0,
          90.0,
          100.0,
          110.0,
          120.0,
          130.0,
          140.0,
          150.0,
          160.0,
          170.0,
          180.0,
          190.0,
          200.0,
          210.0,
          220.0,
          230.0,
          240.0,
          250.0
        ],
        "n_bins": 24,
        "total_full": 66896.0,
        "total_events": 67124
      },
      "vbf": {
        "data_full": [
          35.0,
          71.0,
          113.0,
          140.0,
          119.0,
          95.0,
          48.0,
          52.0,
          32.0,
          23.0,
          24.0,
          13.0,
          11.0,
          18.0,
          11.0,
          9.0,
          13.0,
          11.0,
          11.0
        ],
        "data_full_err": [
          5.916079783099616,
          8.426149773176359,
          10.63014581273465,
          11.832159566199232,
          10.908712114635714,
          9.746794344808963,
          6.928203230275509,
          7.211102550927978,
          5.656854249492381,
          4.795831523312719,
          4.898979485566356,
          3.605551275463989,
          3.3166247903554,
          4.242640687119285,
          3.3166247903554,
          3.0,
          3.605551275463989,
          3.3166247903554,
          3.3166247903554
        ],
        "edges": [
          0.0,
          30.0,
          40.0,
          50.0,
          60.0,
          70.0,
          80.0,
          90.0,
          100.0,
          110.0,
          120.0,
          130.0,
          140.0,
          150.0,
          160.0,
          170.0,
          180.0,
          200.0,
          220.0,
          250.0
        ],
        "n_bins": 19,
        "total_full": 849.0,
        "total_events": 864
      }
    },
    "nn_score": {
      "baseline": {
        "data_full": [
          6741.0,
          3835.0,
          5173.0,
          7171.0,
          8106.0,
          7521.0,
          5666.0,
          4147.0,
          3285.0,
          2555.0,
          2115.0,
          1760.0,
          1535.0,
          1431.0,
          1289.0,
          1302.0,
          1247.0,
          1149.0,
          876.0,
          220.0
        ],
        "data_full_err": [
          82.10359310042405,
          61.927376821564145,
          71.92357054540605,
          84.6817571853584,
          90.033327162779,
          86.72369918309528,
          75.27283706623525,
          64.39720490828775,
          57.3149195236284,
          50.547007824400445,
          45.98912915026767,
          41.95235392680606,
          39.179076048319466,
          37.82856063875548,
          35.90264614203248,
          36.08323710533743,
          35.31288716601915,
          33.896902513356586,
          29.597297173897484,
          14.832396974191326
        ],
        "edges": [
          0.0,
          0.05,
          0.1,
          0.15000000000000002,
          0.2,
          0.25,
          0.30000000000000004,
          0.35000000000000003,
          0.4,
          0.45,
          0.5,
          0.55,
          0.6000000000000001,
          0.65,
          0.7000000000000001,
          0.75,
          0.8,
          0.8500000000000001,
          0.9,
          0.9500000000000001,
          1.0
        ],
        "n_bins": 20,
        "total_full": 67124.0,
        "total_events": 67124
      },
      "vbf": {
        "data_full": [
          216.0,
          62.0,
          53.0,
          36.0,
          36.0,
          33.0,
          19.0,
          22.0,
          41.0,
          28.0,
          21.0,
          29.0,
          40.0,
          32.0,
          35.0,
          28.0,
          43.0,
          39.0,
          37.0,
          14.0
        ],
        "data_full_err": [
          14.696938456699069,
          7.874007874011811,
          7.280109889280518,
          6.0,
          6.0,
          5.744562646538029,
          4.358898943540674,
          4.69041575982343,
          6.4031242374328485,
          5.291502622129181,
          4.58257569495584,
          5.385164807134504,
          6.324555320336759,
          5.656854249492381,
          5.916079783099616,
          5.291502622129181,
          6.557438524302,
          6.244997998398398,
          6.082762530298219,
          3.7416573867739413
        ],
        "edges": [
          0.0,
          0.05,
          0.1,
          0.15000000000000002,
          0.2,
          0.25,
          0.30000000000000004,
          0.35000000000000003,
          0.4,
          0.45,
          0.5,
          0.55,
          0.6000000000000001,
          0.65,
          0.7000000000000001,
          0.75,
          0.8,
          0.8500000000000001,
          0.9,
          0.9500000000000001,
          1.0
        ],
        "n_bins": 20,
        "total_full": 864.0,
        "total_events": 864
      }
    },
    "mcol": {
      "baseline": {
        "data_full": [
          455.0,
          814.0,
          3317.0,
          10574.0,
          11478.0,
          7192.0,
          4731.0,
          3583.0,
          2913.0,
          2360.0,
          1876.0,
          1615.0,
          1329.0,
          1124.0,
          1000.0,
          838.0,
          763.0,
          655.0,
          569.0,
          553.0,
          426.0,
          432.0,
          427.0,
          363.0
        ],
        "data_full_err": [
          21.330729007701542,
          28.53068523537421,
          57.59340239992772,
          102.82995672468213,
          107.1354283138869,
          84.80566018845676,
          68.78226515607058,
          59.85816569190874,
          53.97221507405454,
          48.579831205964474,
          43.31281565541543,
          40.18706259482024,
          36.45545226711637,
          33.52610922848042,
          31.622776601683793,
          28.948229652260256,
          27.622454633866266,
          25.592967784139454,
          23.853720883753127,
          23.515952032609693,
          20.639767440550294,
          20.784609690826528,
          20.663978319771825,
          19.05255888325765
        ],
        "edges": [
          0.0,
          24.0,
          36.0,
          48.0,
          60.0,
          72.0,
          84.0,
          96.0,
          108.0,
          120.0,
          132.0,
          144.0,
          156.0,
          168.0,
          180.0,
          192.0,
          204.0,
          216.0,
          228.0,
          240.0,
          252.0,
          264.0,
          276.0,
          288.0,
          300.0
        ],
        "n_bins": 24,
        "total_full": 59387.0,