{
  "prefit_chi2": {
    "mvis": {
      "baseline": {
        "chi2": 325.05254765437985,
        "ndf": 23,
        "chi2_ndf": 14.132719463233906,
        "data_total": 66896.0,
        "mc_total": 70677.32468053384,
        "ratio": 0.9464987575912688
      },
      "vbf": {
        "chi2": 147.27318334996755,
        "ndf": 18,
        "chi2_ndf": 8.181843519442642,
        "data_total": 849.0,
        "mc_total": 1235.495378006081,
        "ratio": 0.6871737564653368
      }
    },
    "nn_score": {
      "baseline": {
        "chi2": 333.6465204415948,
        "ndf": 19,
        "chi2_ndf": 17.56034318113657,
        "data_total": 67124.0,
        "mc_total": 70897.58637364872,
        "ratio": 0.9467741207188501
      },
      "vbf": {
        "chi2": 150.93439262022034,
        "ndf": 19,
        "chi2_ndf": 7.9439154010642286,
        "data_total": 864.0,
        "mc_total": 1259.6948051286424,
        "ratio": 0.6858804184016355
      }
    },
    "mcol": {
      "baseline": {
        "chi2": 304.93713566234703,
        "ndf": 23,
        "chi2_ndf": 13.258136333145524,
        "data_total": 59387.0,
        "mc_total": 62695.2408076702,
        "ratio": 0.9472329834760685
      },
      "vbf": {
        "chi2": 133.72326095794915,
        "ndf": 21,
        "chi2_ndf": 6.367774331330912,
        "data_total": 815.0,
        "mc_total": 1184.7781297989848,
        "ratio": 0.6878925087334933
      }
    }
  },
  "per_category_fit": {
    "mvis": {
      "baseline": {
        "mu_hat": -8.270641487598313,
        "mu_err": 3.9810591282838477,
        "pull_from_1": -2.3286872133433234
      },
      "vbf": {
        "mu_hat": -5.455565427969981,
        "mu_err": 4.419706523057874,
        "pull_from_1": -1.4606321470194705
      }
    },
    "nn_score": {
      "baseline": {
        "mu_hat": 0.6109695729911243,
        "mu_err": 1.6013582600201068,
        "pull_from_1": -0.24293778395597185
      },
      "vbf": {
        "mu_hat": -0.043919788414074436,
        "mu_err": 1.3404187148132347,
        "pull_from_1": -0.7788012632750563
      }
    },
    "mcol": {
      "baseline": {
        "mu_hat": -8.916393762926816,
        "mu_err": 9.014164694443597,
        "pull_from_1": -1.1000901469039455
      },
      "vbf": {
        "mu_hat": -10.815721067096913,
        "mu_err": 3.7295415268720356,
        "pull_from_1": -3.1681430497455145
      }
    }
  },
  "impact_ranking": {
    "shape_met_uncl": {
      "impact_up": -0.2810140603584284,
      "impact_down": 0.28905978072681526,
      "impact_sym": 0.28503692054262186,
      "bestfit": -0.33757087155157106,
      "postfit_unc": 0.29578130352797993
    },
    "shape_jes": {
      "impact_up": -0.20298508045579794,
      "impact_down": 0.2246485604192704,
      "impact_sym": 0.21381682043753417,
      "bestfit": -1.4095148942543343,
      "postfit_unc": 0.6967604300926622
    },
    "shape_mes": {
      "impact_up": 0.12748758328009513,
      "impact_down": -0.16814720227205537,
      "impact_sym": 0.14781739277607525,
      "bestfit": -0.04123599424984731,
      "postfit_unc": 0.3176665991445139
    },
    "norm_ztt": {
      "impact_up": 0.06169147795534424,
      "impact_down": -0.07147763031284005,
      "impact_sym": 0.06658455413409214,
      "bestfit": -0.4275515231305711,
      "postfit_unc": 0.5435984318396683
    },
    "trigger_eff": {
      "impact_up": -0.062277602505647955,
      "impact_down": 0.06730983737626584,
      "impact_sym": 0.0647937199409569,
      "bestfit": -0.5476498977210993,
      "postfit_unc": 0.9446306350224316
    },
    "norm_qcd_baseline": {
      "impact_up": -0.06046097922793281,
      "impact_down": 0.050182891529864215,
      "impact_sym": 0.05532193537889851,
      "bestfit": 0.7613320275082079,
      "postfit_unc": 0.6828902723920522
    },
    "lumi": {
      "impact_up": -0.04951984827716149,
      "impact_down": 0.04857702347675463,
      "impact_sym": 0.04904843587695806,
      "bestfit": -0.5636470734921051,
      "postfit_unc": 0.947875436710489
    },
    "norm_wjets_vbf": {
      "impact_up": -0.044388407576619326,
      "impact_down": 0.045184857370549,
      "impact_sym": 0.044786632473584165,
      "bestfit": -1.8906015195464367,
      "postfit_unc": 0.8773195666910703
    },
    "btag_eff": {
      "impact_up": -0.044982120840120876,
      "impact_down": 0.04106959614356487,
      "impact_sym": 0.04302585849184287,
      "bestfit": -0.674201741695732,
      "postfit_unc": 0.9370515063431109
    },
    "norm_ttbar": {
      "impact_up": -0.043050874549674156,
      "impact_down": 0.04053320697434404,
      "impact_sym": 0.0417920407620091,
      "bestfit": -0.6740828124906961,
      "postfit_unc": 0.9370862764281059
    },
    "tau_id_eff": {
      "impact_up": -0.03771944023245477,
      "impact_down": 0.03678704288588652,
      "impact_sym": 0.03725324155917065,
      "bestfit": -0.6526146969577508,
      "postfit_unc": 0.9096533908895774
    },
    "muon_id_iso": {
      "impact_up": -0.03691714743693608,
      "impact_down": 0.035953176010015575,
      "impact_sym": 0.03643516172347583,
      "bestfit": -0.4298984879268689,
      "postfit_unc": 0.9689283313957122
    },
    "norm_qcd_vbf": {
      "impact_up": -0.03452099702725098,
      "impact_down": 0.029584301127317802,
      "impact_sym": 0.03205264907728439,
      "bestfit": -1.2724578851419595,
      "postfit_unc": 0.8593651573211758
    },
    "norm_missing_bkg": {
      "impact_up": -0.027385493467749766,
      "impact_down": 0.027314468218743504,
      "impact_sym": 0.027349980843246635,
      "bestfit": -0.8431529836899075,
      "postfit_unc": 0.8942757739499139
    },
    "shape_tes": {
      "impact_up": 0.0,
      "impact_down": 0.05009475774178174,
      "impact_sym": 0.02504737887089087,
      "bestfit": 0.07482625568488413,
      "postfit_unc": 0.17845726029108588
    },
    "theory_ggH_scale": {
      "impact_up": -0.016085278754037202,
      "impact_down": 0.026120035926071705,
      "impact_sym": 0.021102657340054454,
      "bestfit": 0.0017393411672706961,
      "postfit_unc": 0.9928238794757347
    },
    "theory_ggH_pdf": {
      "impact_up": -0.014142879521191754,
      "impact_down": 0.011777751431825023,
      "impact_sym": 0.012960315476508388,
      "bestfit": 0.0008875603362318739,
      "postfit_unc": 0.9933233540852106
    },
    "theory_br_tautau": {
      "impact_up": -0.009297641318361083,
      "impact_down": 0.011277803277596088,
      "impact_sym": 0.010287722297978585,
      "bestfit": 0.00035410973356743295,
      "postfit_unc": 0.9933456470895177
    },
    "theory_vbf_pdf": {
      "impact_up": -0.0053182102255426855,
      "impact_down": 0.0027347147236926883,
      "impact_sym": 0.004026462474617687,
      "bestfit": -0.0005437533088734916,
      "postfit_unc": 0.9933440386798084
    },
    "theory_vbf_scale": {
      "impact_up": -0.00018526244174488227,
      "impact_down": -0.0015375876939831556,
      "impact_sym": 0.000861425067864019,
      "bestfit": 0.0001412265589079845,
      "postfit_unc": 0.9933317526154519
    },
    "norm_wjets_baseline": {
      "impact_up": 0.0,
      "impact_down": 0.0,
      "impact_sym": 0.0,
      "bestfit": 1.244106971527982,
      "postfit_unc": 0.8270992299014869
    }
  },
  "vbf_process_decomposition": {
    "data_total": 864.0,
    "processes": {
      "ggH": {
        "yield": 5.115284240654306,
        "fraction_of_mc": 0.004060732980582486,
        "fraction_of_deficit": 0.012927347476778981
      },
      "VBF": {
        "yield": 6.354713313462966,
        "fraction_of_mc": 0.005044645169282897,
        "fraction_of_deficit": 0.01605963290672218
      },
      "ZTT": {
        "yield": 348.23053571486616,
        "fraction_of_mc": 0.27644039992631725,
        "fraction_of_deficit": 0.8800482877243097
      },
      "ZLL": {
        "yield": 64.6336979167744,
        "fraction_of_mc": 0.051309013622687666,
        "fraction_of_deficit": 0.16334229582761806
      },