{
  "sf_w": 0.9990802776427684,
  "sf_w_err": 0.0075813882674761095,
  "r_osss": 0.9794972195243801,
  "r_osss_err": 0.017979374268835106,
  "qcd_os_yield": 11195.482457144886,
  "qcd_os_yield_err": 230.64399311574766
}