{
  "auc_train": 0.8752187638115713,
  "auc_val": 0.8281791802333383,
  "auc_test": 0.819966749880324,
  "ks_sig": 0.0469931193230275,
  "p_sig": 0.0006515351221984921,
  "ks_bkg": 0.006935759807582764,
  "p_bkg": 0.799683521684938,
  "n_estimators": 200,
  "max_depth": 3,
  "learning_rate": 0.1,
  "seed": 42,
  "nn_auc_test": 0.8250022278330067
}