{
  "mu_pt": {
    "chi2_abs": 134.4454445588408,
    "ndf_abs": 19,
    "chi2_ndf_abs": 7.076076029412673,
    "flag_abs": "FAIL",
    "chi2_shape": 29.57361684653086,
    "ndf_shape": 18,
    "chi2_ndf_shape": 1.6429787136961589,
    "flag_shape": "PASS",
    "data_total": 67706.0,
    "mc_total": 71657.68986170598,
    "n_bins_used": 20
  },
  "mu_eta": {
    "chi2_abs": 137.33167085731736,
    "ndf_abs": 19,
    "chi2_ndf_abs": 7.227982676700914,
    "flag_abs": "FAIL",
    "chi2_shape": 34.18452428602463,
    "ndf_shape": 18,
    "chi2_ndf_shape": 1.8991402381124796,
    "flag_shape": "PASS",
    "data_total": 67988.0,
    "mc_total": 71950.40909256539,
    "n_bins_used": 20
  },
  "tau_pt": {
    "chi2_abs": 145.25012535119046,
    "ndf_abs": 19,
    "chi2_ndf_abs": 7.64474343953634,
    "flag_abs": "FAIL",
    "chi2_shape": 48.447001424134285,
    "ndf_shape": 18,
    "chi2_ndf_shape": 2.6915000791185713,
    "flag_shape": "PASS",
    "data_total": 67863.0,
    "mc_total": 71748.5139423738,
    "n_bins_used": 20
  },
  "tau_eta": {
    "chi2_abs": 138.11156116374406,
    "ndf_abs": 19,
    "chi2_ndf_abs": 7.269029534933898,
    "flag_abs": "FAIL",
    "chi2_shape": 33.80479827516703,
    "ndf_shape": 18,
    "chi2_ndf_shape": 1.8780443486203906,
    "flag_shape": "PASS",
    "data_total": 67988.0,
    "mc_total": 71950.4090925654,
    "n_bins_used": 20
  },
  "met_pt": {
    "chi2_abs": 139.38168510291496,
    "ndf_abs": 19,
    "chi2_ndf_abs": 7.335878163311314,
    "flag_abs": "FAIL",
    "chi2_shape": 38.0659655197871,
    "ndf_shape": 18,
    "chi2_ndf_shape": 2.1147758622103945,
    "flag_shape": "PASS",
    "data_total": 67359.0,
    "mc_total": 71230.07830965349,
    "n_bins_used": 20
  },
  "met_significance": {
    "chi2_abs": 125.18724036006152,
    "ndf_abs": 19,
    "chi2_ndf_abs": 6.588802124213764,
    "flag_abs": "FAIL",
    "chi2_shape": 25.16850450913041,
    "ndf_shape": 18,
    "chi2_ndf_shape": 1.3982502505072452,
    "flag_shape": "PASS",
    "data_total": 67444.0,
    "mc_total": 71304.019256984,
    "n_bins_used": 20
  },
  "mvis": {
    "chi2_abs": 169.66273703118497,
    "ndf_abs": 23,
    "chi2_ndf_abs": 7.3766407404863035,
    "flag_abs": "FAIL",
    "chi2_shape": 68.95575248208532,
    "ndf_shape": 22,
    "chi2_ndf_shape": 3.1343523855493327,
    "flag_shape": "PASS",
    "data_total": 67314.0,
    "mc_total": 71284.00472640473,
    "n_bins_used": 24
  },
  "mt": {
    "chi2_abs": 116.8402821541676,
    "ndf_abs": 14,
    "chi2_ndf_abs": 8.3457344395834,
    "flag_abs": "FAIL",
    "chi2_shape": 12.695225950699463,
    "ndf_shape": 13,
    "chi2_ndf_shape": 0.9765558423614972,
    "flag_shape": "PASS",
    "data_total": 67988.0,
    "mc_total": 71950.40909256539,
    "n_bins_used": 15
  },
  "delta_r": {
    "chi2_abs": 177.85915819268516,
    "ndf_abs": 17,
    "chi2_ndf_abs": 10.462303423099128,
    "flag_abs": "FAIL",
    "chi2_shape": 82.5561332473442,
    "ndf_shape": 16,
    "chi2_ndf_shape": 5.159758327959013,
    "flag_shape": "FAIL",
    "data_total": 67956.0,
    "mc_total": 71933.73200006613,
    "n_bins_used": 18
  },
  "delta_phi_mutau": {
    "chi2_abs": 87.04097686975513,
    "ndf_abs": 14,
    "chi2_ndf_abs": 6.217212633553937,
    "flag_abs": "FAIL",
    "chi2_shape": 30.02108886843675,
    "ndf_shape": 13,
    "chi2_ndf_shape": 2.3093145283412886,
    "flag_shape": "PASS",
    "data_total": 33963.0,
    "mc_total": 36060.57541981121,
    "n_bins_used": 15
  },
  "njets": {
    "chi2_abs": 321.00618746725553,
    "ndf_abs": 6,
    "chi2_ndf_abs": 53.50103124454259,
    "flag_abs": "FAIL",
    "chi2_shape": 203.40419800441435,
    "ndf_shape": 5,
    "chi2_ndf_shape": 40.68083960088287,
    "flag_shape": "FAIL",
    "data_total": 67984.0,
    "mc_total": 72069.00572777979,
    "n_bins_used": 7
  },
  "lead_jet_pt": {
    "chi2_abs": 99.83038437056422,
    "ndf_abs": 16,
    "chi2_ndf_abs": 6.239399023160264,
    "flag_abs": "FAIL",
    "chi2_shape": 21.40817449567706,
    "ndf_shape": 15,
    "chi2_ndf_shape": 1.4272116330451372,
    "flag_shape": "PASS",
    "data_total": 13249.0,
    "mc_total": 14726.0307100085,
    "n_bins_used": 17
  },
  "lead_jet_eta": {
    "chi2_abs": 140.1093368132042,
    "ndf_abs": 19,
    "chi2_ndf_abs": 7.37417562174759,
    "flag_abs": "FAIL",
    "chi2_shape": 67.08181764489147,
    "ndf_shape": 18,
    "chi2_ndf_shape": 3.726767646938415,
    "flag_shape": "PASS",
    "data_total": 13426.0,
    "mc_total": 14936.758022706024,
    "n_bins_used": 20
  },
  "nbjets": {
    "chi2_abs": 179.66910621621247,
    "ndf_abs": 3,
    "chi2_ndf_abs": 59.889702072070826,
    "flag_abs": "FAIL",
    "chi2_shape": 64.69283597137878,
    "ndf_shape": 2,
    "chi2_ndf_shape": 32.34641798568939,
    "flag_shape": "FAIL",
    "data_total": 67988.0,
    "mc_total": 71992.45284642967,
    "n_bins_used": 4
  }
}